PO Number,Supplier,Revision Date,Promised Date,Actual Delivery Date
PO-1042,Pars Steel,2026-09-20,2026-10-04,2026-10-26
PO-1042,Pars Steel,2026-09-28,2026-10-12,2026-10-26
PO-1042,Pars Steel,2026-10-08,2026-10-20,2026-10-26
PO-1043,Pars Steel,2026-09-21,2026-10-10,2026-10-10
PO-1044,Atlas Supply,2026-09-22,2026-10-15,2026-10-12
PO-1044,Atlas Supply,2026-09-29,2026-10-12,2026-10-12
PO-1045,Nika Parts,2026-09-25,2026-10-18,
PO-1045,Nika Parts,2026-10-01,2026-10-24,
PO-1045,Nika Parts,2026-10-03,2026-10-24,
